timestamp,t_unix,elapsed_s,seq,T_in,T_out,T_case,T_amb,P_in,P_out,Q_flow,W_heater,dT,dP,Q_removed,R_th,W_pump,heat_balance
2026-09-23T14:42:32.629,1790188952.629,0.034,162,24.9718,28.14,42.934,21.9764,180.031,145.864,1.87579,418.204,3.16824,34.1668,412.782,0.0435148,1.06816,98.7035
2026-09-23T14:42:32.739,1790188952.739,0.144,163,24.9721,28.1956,42.9204,21.9831,179.966,147.921,1.86627,418.64,3.22349,32.0455,417.85,0.042954,0.996758,99.8112
2026-09-23T14:42:32.828,1790188952.829,0.234,164,25.0147,28.2503,43.0965,21.9548,179.837,147.484,1.88278,419.209,3.23561,32.353,423.132,0.0427333,1.01522,100.936
2026-09-23T14:42:32.932,1790188952.933,0.338,165,24.9791,28.1557,42.9761,21.9689,178.712,146.829,1.88451,421.796,3.17665,31.8827,415.804,0.0432824,1.00139,98.5794
2026-09-23T14:42:33.026,1790188953.027,0.432,166,24.9881,28.2837,42.8666,21.8598,179.382,147.407,1.90391,419.515,3.29565,31.9754,435.819,0.0410227,1.01464,103.886
2026-09-23T14:42:33.148,1790188953.149,0.554,167,24.9623,28.1181,42.9491,21.9456,180.712,147.716,1.90054,422.086,3.15578,32.9951,416.584,0.0431768,1.04514,98.6966
2026-09-23T14:42:33.233,1790188953.234,0.639,168,25.0049,28.2151,42.9267,21.9189,179.738,147.181,1.8774,419.581,3.21018,32.5574,418.606,0.042813,1.01872,99.7676
2026-09-23T14:42:33.332,1790188953.333,0.738,169,24.9847,28.1425,42.8993,21.9639,178.419,147.251,1.89765,421.5,3.15773,31.1676,416.21,0.0430421,0.985754,98.7449
2026-09-23T14:42:33.487,1790188953.487,0.892,170,24.9975,28.125,42.9935,21.9966,179.237,145.761,1.90374,417.263,3.12752,33.4764,413.55,0.0435159,1.06217,99.1101
2026-09-23T14:42:33.529,1790188953.529,0.935,171,24.982,28.2026,42.9394,21.9771,178.71,147.593,1.87595,420.791,3.22059,31.1171,419.639,0.0427926,0.972899,99.726
2026-09-23T14:42:33.864,1790188953.864,1.270,172,25.0551,28.1908,42.9624,21.9888,180.5,147.513,1.86944,419.531,3.13576,32.9869,407.169,0.0439801,1.02779,97.0534
2026-09-23T14:42:33.865,1790188953.865,1.271,173,25.0036,28.2654,43.096,21.9375,179.443,146.558,1.91799,418.417,3.26184,32.8858,434.54,0.0416357,1.05125,103.853
